{"format":3,"url":"https://tenor.com/view/would-you-two-shut-up-monica-alexandra-daddario-the-choice-be-quiet-gif-18332082","urlstack":{"end":"https://tenor.com/view/would-you-two-shut-up-monica-alexandra-daddario-the-choice-be-quiet-gif-18332082","uristack":["https://tenor.com/view/would-you-two-shut-up-monica-alexandra-daddario-the-choice-be-quiet-gif-18332082"]},"imagemeta":"","metaid":"18e4eec30e8bf34479f5d4bf7d59f278","cacheid":"18e4eec30e8bf34479f5d4bf7d59f278","trycount":1,"blocked":false}